{"cameraMode":{"drawMode":0,"name":"Shaded","section":"Shading Mode"},"sceneLighting":true,"audioPlay":false,"sceneViewState":{"showFog":true,"showMaterialUpdate":false,"showSkybox":true,"showFlares":true,"showImageEffects":true,"showParticleSystems":true},"in2DMode":false,"pivot":{"x":211.53561401367188,"y":92.11380004882813,"z":-227.0107421875},"rotation":{"x":-0.2708292603492737,"y":0.2771170437335968,"z":-0.0817333459854126,"w":-0.9182470440864563},"size":24.2005672454834,"orthographic":false}