{"cameraMode":{"drawMode":0,"name":"Shaded","section":"Shading Mode"},"sceneLighting":false,"audioPlay":false,"sceneViewState":{"showFog":true,"showMaterialUpdate":false,"showSkybox":false,"showFlares":true,"showImageEffects":true,"showParticleSystems":true},"in2DMode":false,"pivot":{"x":0.0469970703125,"y":-0.38499999046325686,"z":0.035003662109375},"rotation":{"x":-0.5830764770507813,"y":-0.26811811327934267,"z":0.21211126446723939,"w":-0.737014889717102},"size":466.69049072265627,"orthographic":false}