{"cameraMode":{"drawMode":0,"name":"Shaded","section":"Shading Mode"},"sceneLighting":true,"audioPlay":false,"sceneViewState":{"showFog":true,"showMaterialUpdate":false,"showSkybox":true,"showFlares":true,"showImageEffects":true,"showParticleSystems":true},"in2DMode":false,"pivot":{"x":293.6697998046875,"y":-288.2294006347656,"z":-519.7791748046875},"rotation":{"x":0.08181517571210861,"y":0.918172299861908,"z":-0.2713945209980011,"w":0.27679258584976199},"size":916.819580078125,"orthographic":false}