{"cameraMode":{"drawMode":0,"name":"Shaded","section":"Shading Mode"},"sceneLighting":true,"audioPlay":false,"sceneViewState":{"showFog":true,"showMaterialUpdate":false,"showSkybox":true,"showFlares":true,"showImageEffects":true,"showParticleSystems":true},"in2DMode":false,"pivot":{"x":533.8154907226563,"y":273.06005859375,"z":7.2647705078125},"rotation":{"x":-0.004809773527085781,"y":-0.006588058080524206,"z":-0.0000216681382880779,"w":-1.000007152557373},"size":923.6464233398438,"orthographic":false}